"","p_val","avg_log2FC","pct.1","pct.2","p_val_adj"
"SYNGR2",1.14874074993247e-223,-0.729721494384775,0.977,0.981,1.85556093336592e-219
"RBBP6",5.59088467889988e-216,1.06193342185936,0.972,0.873,9.03095602182698e-212
"RBM39",5.21665285798929e-202,0.806751495144865,0.988,0.951,8.42645936151009e-198
"USP12",3.51404382500784e-198,0.866099811753962,0.991,0.955,5.67623499053517e-194
"RPS28",5.0710281706614e-197,0.387344396396877,0.999,0.998,8.19123180406936e-193
"HNRNPDL",4.59221363311725e-196,0.712501168122891,0.992,0.969,7.41780268157429e-192
"SRSF5",1.25244620391805e-188,0.640562367356911,0.994,0.963,2.02307635318882e-184
"TNIP1",1.77707337271396e-182,1.09703570348678,0.972,0.888,2.87050661894486e-178
"RYBP",1.29016544231359e-181,0.800577240488579,0.832,0.539,2.08400423896914e-177
"STK4",3.27492060378383e-180,-0.776329188012919,0.397,0.784,5.28997925129202e-176
"RABGEF1",1.14291244699886e-175,0.788345118501889,0.84,0.518,1.84614647563726e-171
"STK17A",1.99411675067859e-175,0.769013459134592,0.906,0.664,3.22109678737113e-171
"HMOX2",2.17720216103101e-175,0.914151225156363,0.743,0.383,3.51683465071339e-171
"MTDH",1.3320864663214e-170,0.772974716805881,0.973,0.932,2.15171926904896e-166
"PRRC2C",9.86384029375717e-170,-0.81986607275947,0.379,0.759,1.5933061226506e-165
"ARPC5",1.66789133849584e-166,-0.874466632339897,0.916,0.953,2.69414487907233e-162
"JPT1",1.23316737221981e-161,0.985775051403477,0.982,0.946,1.99193525634665e-157
"ZFAND5",2.67336590177385e-157,0.651693068879694,0.97,0.894,4.3182879411353e-153
"ACTN1",5.56716790342461e-157,0.853431345113497,0.923,0.7,8.99264631440177e-153
"SRRM1",5.67932331079176e-156,0.681248127057055,0.967,0.9,9.17381094392192e-152
"TOMM20",1.01450494840852e-155,0.812564864858922,0.951,0.869,1.63872984316429e-151
"TSPAN3",1.06397265819342e-151,-0.827391764034057,0.888,0.939,1.71863503477984e-147
"SAFB2",3.85222559023121e-151,0.730625266866445,0.917,0.746,6.22249999590048e-147
"SNRPB2",2.22922237045649e-150,0.680092002407646,0.912,0.784,3.60086289499836e-146
"COPS9",2.39352396754147e-149,0.609947459625037,0.956,0.89,3.86625926476974e-145
"PTGES3",8.029059090086e-148,0.76952492763652,0.976,0.904,1.29693391482159e-143
"SMAP2",1.79721346384333e-146,-0.791600575954609,0.804,0.93,2.90303890814614e-142
"IFRD1",1.27212750458024e-140,0.656290878245506,0.932,0.783,2.05486755814846e-136
"EIF4G2",3.65542834983584e-137,0.727806041972521,0.99,0.963,5.90461341348983e-133
"RBM25",3.74288417699853e-137,0.751121768954484,0.953,0.881,6.04588081110572e-133
"SELPLG",4.24496190185631e-136,-0.874132187475821,0.588,0.813,6.85688696006849e-132
"ARHGAP22",7.41381756368242e-136,-0.55303226065805,0.22,0.575,1.19755395106162e-131
"TRA2B",5.3141447009965e-135,0.750027842788297,0.95,0.865,8.58393793551965e-131
"PAK1IP1",5.03815815934928e-133,0.587456413585842,0.829,0.564,8.1381368747969e-129
"DEPDC7",2.2116397972335e-132,0.804822035974775,0.742,0.441,3.57246176447128e-128
"RAB8B",2.12451379673217e-131,-0.758349960884241,0.84,0.936,3.43172713586147e-127
"RAB9A",7.25402475176964e-131,0.838149348444386,0.955,0.832,1.17174261815335e-126
"ELL2",3.81127659101911e-129,0.554652307816204,0.702,0.359,6.15635507747317e-125
"RNPS1",4.0291186653788e-127,0.64486128552334,0.886,0.757,6.50823538018637e-123
"ZNF622",1.11364110566206e-126,0.523793006413703,0.753,0.473,1.79886447797593e-122
"SMARCA5",3.55941738784691e-126,0.61153887060801,0.956,0.883,5.74952690658911e-122
"SQSTM1",5.05463991533889e-126,0.894727914084643,0.979,0.933,8.16475985524691e-122
"CEP350",8.80085722284782e-125,-0.688405578994356,0.599,0.847,1.42160246720661e-120
"BMP2K",1.11439483820451e-124,-0.610913132765483,0.332,0.673,1.80008198215175e-120
"HSPA5",2.02325569257738e-124,0.845777131643979,0.976,0.901,3.26816492022024e-120
"DPH3",2.93578418931469e-124,0.598200892119144,0.85,0.629,4.74217220100001e-120
"MAP3K14",5.75860476922161e-124,-0.521251673755911,0.148,0.47,9.30187428372367e-120
"ACTG1",8.09095687521906e-124,-0.545236045388942,0.998,0.997,1.30693226405413e-119
"DYNLL2",2.19608345588098e-122,0.836407612429646,0.909,0.745,3.54733360628454e-118
"POLR1F",3.54304186248269e-122,0.767087246935706,0.907,0.763,5.72307552046829e-118
"SNRPB",1.00075742647001e-121,0.52822821194611,0.903,0.8,1.616523470977e-117
"RTF1",3.87385155129398e-121,0.720651350065403,0.851,0.713,6.25743241080516e-117
"NUFIP1",5.19574927679026e-121,0.577967079865242,0.727,0.434,8.3926938067993e-117
"DESI2",6.42264157987388e-121,0.543011602809782,0.625,0.313,1.03744929439703e-116
"DAPP1",3.18650062380593e-119,-0.798867401378002,0.554,0.791,5.14715445763372e-115
"TMEM158",3.70335011348514e-119,0.897720295183802,0.722,0.372,5.98202143831255e-115
"FNBP1",7.0425045298048e-119,-0.637348598430556,0.958,0.968,1.13757575669937e-114
"CCR7",7.67529420237425e-119,-1.08724834119784,0.524,0.772,1.23979027250951e-114
"LCP1",1.01399289219431e-118,-0.797898914454996,0.881,0.939,1.63790271876147e-114
"RSL1D1",6.870434440146e-116,0.567094989633359,0.773,0.518,1.10978127511678e-111
"HNRNPD",9.12470635549281e-116,0.553574404366899,0.94,0.843,1.47391381760275e-111
"NOP58",2.54178679983793e-115,0.619053831794373,0.689,0.412,4.1057482177782e-111
"RAP1B",2.6889399664679e-115,0.570597451083197,0.931,0.853,4.3434447278356e-111
"LY75",1.83686603874744e-114,-0.828206282902148,0.542,0.786,2.96708971238874e-110
"NFKBIB",9.99766906820901e-114,0.568731259196233,0.835,0.633,1.6149234845878e-109
"PAK2",2.53573803016679e-113,-0.537023840953211,0.448,0.743,4.09597764012842e-109
"TIPARP",9.70464173100266e-113,0.722073973927758,0.788,0.504,1.56759077880886e-108
"UBE2S",1.32604312920373e-112,0.701000564157093,0.859,0.741,2.14195746660279e-108
"ARPC4",1.81086347368358e-112,-0.666792326447201,0.85,0.908,2.92508776904109e-108
"CCDC6",1.18807439261676e-111,0.566308522401552,0.695,0.398,1.91909656639385e-107
"ENSBTAG00000024657",6.20799091453866e-111,0.5863557520411,0.914,0.795,1.00277677242543e-106
"DDX21",7.79350828682535e-111,0.604721050415819,0.852,0.695,1.2588853935709e-106
"ARPP19",1.62959252459711e-109,0.510733869828333,0.851,0.684,2.63228080498171e-105
"GNG5",2.33321079299791e-109,-0.497593383837047,0.988,0.98,3.76883539392953e-105
"SAMSN1",2.28473090844351e-107,0.758329027498693,0.973,0.944,3.69052583640881e-103
"TRAF3",4.93742430774459e-107,0.550084472723734,0.691,0.424,7.97542148429984e-103
"HNRNPM",5.70768221075449e-107,0.538122778874688,0.965,0.921,9.21961907503173e-103
"CCT8",1.07652096004307e-106,0.520748582579679,0.874,0.75,1.73890430675756e-102
"ITSN2",9.115573600062e-106,-0.475748312169236,0.217,0.526,1.47243860361801e-101
"CDKN1A",1.11689389073056e-105,0.61210370098462,0.984,0.957,1.80411870169708e-101
"RBM27",1.21000992374561e-105,0.578060118223782,0.815,0.617,1.95452902982628e-101
"OSTF1",5.24730848983482e-105,0.454901810862733,0.992,0.977,8.47597740363018e-101
"CACYBP",9.60741033935071e-105,0.588579018798111,0.743,0.516,1.55188499211532e-100
"PSMD12",1.12478255954262e-104,0.564739995759234,0.929,0.823,1.8168612684292e-100
"IL21R",2.20694953287006e-104,-0.597381156982287,0.521,0.769,3.564885580445e-100
"AZIN1",3.7623201932975e-104,0.524378488135693,0.852,0.623,6.07727580823345e-100
"POMP",4.27878753981982e-104,0.529265887765772,0.938,0.863,6.91152551307095e-100
"EIF3J",5.31418457139759e-104,0.586430810821357,0.649,0.39,8.58400233817853e-100
"EIF1AX",5.21198613837792e-103,0.637855154636863,0.917,0.824,8.41892120932186e-99
"BASP1",1.01713198058226e-102,-0.504693865477067,0.995,0.995,1.64297328823453e-98
"NDEL1",2.30551201478315e-102,0.501567581186786,0.921,0.731,3.72409355747922e-98
"REL",9.21366046025291e-102,0.514417207631755,0.964,0.871,1.48828257414465e-97
"NDFIP1",4.48656108247252e-101,0.49086565484444,0.635,0.348,7.24714211651787e-97
"U2AF1",5.0779869137093e-101,0.486845044105131,0.845,0.71,8.20247226171463e-97
"SNX3",5.62886997109499e-101,-0.549129007648697,0.38,0.677,9.09231366430973e-97
"MARCKSL1",7.84230026116571e-101,-1.47819399894242,0.802,0.854,1.2667667611861e-96
"RAB5IF",1.89865817489717e-100,0.568073149593378,0.914,0.838,3.06690254991141e-96
"RPL37",4.10282368643576e-100,0.267526507845911,0.998,0.992,6.62729110069969e-96
"CDC42SE2",4.51193027171586e-100,0.524335756155515,0.827,0.641,7.28812096790263e-96
"RPL38",7.70546937831921e-100,0.335849094773744,0.994,0.978,1.2446644686799e-95
"YWHAG",9.1409314709635e-100,0.526987822672064,0.933,0.855,1.47653466050473e-95
"RIOK3",4.69581370911092e-99,0.548371000545203,0.891,0.75,7.58514788432686e-95
"PFN1",8.42787615477827e-99,-0.587480890348228,0.985,0.983,1.36135483528133e-94
"MAPK6",1.00835639466176e-98,0.565991321785573,0.879,0.722,1.62879808429715e-94
"SAP18",1.76796845757423e-98,0.508254935925085,0.957,0.905,2.85579944951965e-94
"CCNL1",6.50942171590145e-97,0.5359682259303,0.98,0.928,1.05146688976956e-92
"WDR43",1.54428459410895e-96,0.471509968392386,0.592,0.297,2.49448290486419e-92
"MYO9A",1.77819413294235e-96,-0.573740888805784,0.441,0.713,2.87231698294178e-92
"VEGFC",2.71605278347469e-96,-0.474806948748854,0.275,0.564,4.38724006114666e-92
"ACSL3",4.05913836765448e-96,-0.466529182729807,0.123,0.386,6.55672620527228e-92
"XPO4",5.23971162166736e-96,0.521187488088801,0.736,0.503,8.46370618247928e-92
"EMILIN2",1.09259052218247e-95,0.51149464719436,0.746,0.505,1.76486147048134e-91
"EZR",4.31108639676895e-95,0.612196337947164,0.926,0.799,6.96369785670088e-91
"AFF4",1.15908191432147e-94,0.471661627600344,0.912,0.776,1.87226501620348e-90
"SRRM2",2.17992633093196e-94,0.513234557818937,0.984,0.968,3.52123500235439e-90
"NDUFB2",3.04661253029493e-94,0.51507666361396,0.782,0.587,4.9211932201854e-90
"HNRNPAB",4.06537916122824e-94,0.666188024789294,0.817,0.683,6.56680695913197e-90
"DDX3X",8.32455109092971e-94,0.531796617146134,0.737,0.51,1.34466473771788e-89
"BTG1",1.41940500876555e-93,0.535579497283489,0.995,0.989,2.292764910659e-89
"CALM1",1.85398790556341e-93,0.583998985115123,0.993,0.982,2.99474666385657e-89
"RAB5C",7.30075119805829e-93,0.443678488997879,0.87,0.743,1.17929034102236e-88
"TRAF1",3.73658305571345e-92,-0.559856642893605,0.178,0.445,6.03570260989394e-88
"GNB4",4.22041259405094e-92,-0.412618196770239,0.227,0.521,6.81723246317048e-88
"FRG1",5.1233393504693e-92,0.487970279697859,0.805,0.632,8.27573005281307e-88
"PRPF4B",9.34654215375606e-92,0.509114735047231,0.938,0.846,1.50974695409622e-87
"TAF5L",1.97764491908897e-91,0.436541689790137,0.577,0.288,3.19448983780441e-87
"SREK1",2.91992140074039e-91,0.534164450827463,0.717,0.485,4.71654903861595e-87
"NOL11",1.4855046042056e-90,0.469340840795916,0.616,0.362,2.39953558717331e-86
"PTPN2",4.55298237706025e-90,0.474528301274575,0.823,0.629,7.35443243366542e-86
"RAC1",4.93302162421575e-90,0.470450441588941,0.975,0.957,7.9683098295957e-86
"PPM1B",5.55225388841951e-90,-0.413135173631995,0.191,0.47,8.96855570596404e-86
"TAX1BP3",6.44058497907075e-90,-0.433954484667633,0.198,0.466,1.0403476916693e-85
"CXCL16",2.44608790590974e-89,-0.602498223108065,0.895,0.923,3.95116579441601e-85
"SRSF10",4.51681877138903e-89,0.498423087853638,0.906,0.783,7.2960173614247e-85
"COA3",1.32020643603588e-88,-0.31447381842378,0.179,0.46,2.13252945612876e-84
"SF3B5",1.32165330396496e-88,0.519727520287295,0.948,0.896,2.1348665818946e-84
"RPS29.1",3.18378348086232e-88,0.336748698934598,0.996,0.989,5.1427654566369e-84
"PTP4A1",6.48513513463036e-87,0.547977555416433,0.769,0.577,1.04754387829684e-82
"SF3B1",1.23337776153031e-86,0.465738974101207,0.975,0.933,1.99227509819991e-82
"ALYREF",1.36219319925024e-86,0.610086534017131,0.947,0.901,2.20035067474891e-82
"TMBIM6",1.80905605362006e-86,-0.535729884204064,0.621,0.796,2.92216824341249e-82
"EIF5",3.9190717307184e-86,0.551357011483403,0.98,0.964,6.33047656662943e-82
"ARGLU1",5.37590277977597e-86,0.356357861731901,0.984,0.958,8.68369576017212e-82
"CAP1",5.62038305797034e-86,-0.593029967850829,0.652,0.804,9.07860475353949e-82
"OGFRL1",7.57289212505705e-86,0.446090514716205,0.822,0.619,1.22324926496046e-81
"DNTTIP2",8.92816247920035e-86,0.461598855701984,0.79,0.587,1.44216608526523e-81
"MKRN1",3.37576870615136e-85,0.502272478998667,0.668,0.44,5.45287919104628e-81
"PLXNC1",5.80082402885014e-85,-0.584119044643827,0.653,0.821,9.37007105380164e-81
"ACTB",6.7616557734297e-85,-0.450044908762013,0.998,0.999,1.0922102570821e-80
"SFPQ",1.14737575996961e-84,0.683980688358391,0.918,0.867,1.85335606507892e-80
"TBC1D8",1.23092991026981e-84,-0.463122137130385,0.354,0.626,1.98832108405882e-80
"H2AZ1",2.12184448123026e-84,0.689403370374555,0.941,0.883,3.42741539053124e-80
"RAB7A",7.18033677278188e-84,0.584758946629062,0.68,0.459,1.15983979890746e-79
"METAP2",1.74732741005246e-83,0.461523888278456,0.786,0.617,2.82245796545774e-79
"MATR3",3.27610131170774e-83,0.451724769526237,0.904,0.814,5.2918864488015e-79
"LARP4",7.28244207114038e-83,0.465818300980362,0.598,0.34,1.17633286775131e-78
"EFHD2",8.42031429938264e-83,0.530340153684192,0.923,0.846,1.36013336877928e-78
"PIP4K2A",1.47738240428458e-82,-0.506935348506159,0.43,0.68,2.38641579764088e-78
"UBE2J2",2.38493015236691e-82,0.39773548307633,0.683,0.451,3.85237767511828e-78
"SNRPD3",6.81468055687459e-82,0.449496281552002,0.857,0.751,1.10077535035195e-77
"GRB2",1.74852976894073e-81,0.477657478409281,0.895,0.774,2.82440013576996e-77
"UBD",1.85483702982956e-81,-0.819242834212353,0.785,0.863,2.99611825428369e-77
"VAMP8",2.40215509443655e-81,-0.498702008559153,0.592,0.778,3.88020112404336e-77
"RAP1A",3.33063327947264e-81,-0.306804937374042,0.176,0.437,5.37997193633216e-77
"PARP1",4.45566020993119e-81,0.580332430578091,0.706,0.489,7.19722793710185e-77
"LAMP3",5.2719543489939e-81,-0.563826306830061,0.832,0.904,8.51578785992985e-77
"NCOA7",6.23116867957084e-81,-0.522257435712429,0.393,0.646,1.00652067681108e-76
"B3GNT2",9.7561006592248e-81,0.573539321747609,0.643,0.401,1.57590293948458e-76
"BRK1",3.0800681842036e-80,-0.428691068221683,0.795,0.878,4.97523413794407e-76
"NUP160",1.22853389047432e-79,0.320666093885297,0.375,0.119,1.98445079328317e-75
"PRR14L",1.64792557279629e-79,0.532593839434249,0.921,0.832,2.66189417773785e-75
"ADNP",2.35626869549624e-79,0.434079854814782,0.659,0.406,3.80608082383508e-75
"CMTM6",2.85770936904259e-79,0.387636668868389,0.955,0.881,4.61605794381449e-75
"SRSF7",5.46678825655702e-79,0.585314501898234,0.774,0.631,8.83050307081656e-75
"JAK1",8.8687683614223e-79,-0.470023816448963,0.869,0.941,1.43257215342054e-74
"RNF19B",1.09348857999615e-78,0.533923523844007,0.98,0.931,1.76631210326778e-74
"TRAFD1",6.42912363438746e-78,-0.437466916365214,0.388,0.635,1.03849634066261e-73
"PPP2CA",9.88665178362488e-78,0.470775224307971,0.842,0.722,1.59699086260893e-73
"HIF1A",1.23368100503639e-77,0.451347388839999,0.887,0.743,1.99276492743528e-73
"RRP15",1.8868234767195e-77,0.336152336478368,0.494,0.226,3.04778596194501e-73
"UTP6",2.87474528782926e-77,0.455304577754928,0.786,0.583,4.64357606343061e-73
"ARHGAP30",3.04953024718424e-77,-0.440180475494126,0.432,0.684,4.9259062082767e-73
"TOP2B",3.88884033271815e-77,-0.416024605483978,0.311,0.587,6.28164378943963e-73
"PPP1R15B",4.68778505529653e-77,0.586225644936572,0.833,0.652,7.57217919982048e-73
"SAP30BP",5.33881534333143e-77,0.36602966179965,0.567,0.319,8.62378842408325e-73
"SNRPD1",8.19768692445557e-77,0.448955397522146,0.794,0.657,1.32417236890731e-72
"TRA2A",1.38259178607688e-76,0.419002322558327,0.796,0.652,2.23330051204998e-72
"ERH",1.8360719886542e-76,0.413629174785207,0.907,0.848,2.96580708327313e-72
"CCNC",1.87252337165155e-76,0.443966495232249,0.81,0.65,3.02468700222875e-72
"NUCKS1",4.20787102938727e-76,-0.43751749773295,0.323,0.586,6.79697407376926e-72
"NUDT4",9.35859638117832e-76,0.551889701436064,0.79,0.61,1.51169407345173e-71
"ENSBTAG00000046324",9.53702769483425e-76,-0.412519656545946,0.398,0.627,1.54051608354658e-71
"RAB5B",1.60921676020015e-75,-0.306104848360832,0.156,0.404,2.5993678327513e-71
"PSME2",2.56727655098564e-75,-0.4048371368359,0.967,0.963,4.14692181280711e-71
"SRSF6",5.60606574098157e-75,0.452537902620118,0.856,0.725,9.05547799140753e-71
"DHX38",6.58745813896944e-75,0.337464613293301,0.499,0.24,1.06407211318773e-70
"GGNBP2",6.68433113954529e-75,0.45214413131065,0.802,0.652,1.07972000897075e-70
"RIPK2",1.04817393451438e-74,0.402195289471657,0.673,0.452,1.69311535642109e-70
"SPCS2",1.29687367799458e-74,-0.322785347381718,0.163,0.405,2.09484005206464e-70
"ZNF326",1.93052010220736e-74,0.404860935461282,0.944,0.883,3.11836912109555e-70
"HNRNPK",1.97866946523792e-74,0.405408180205667,0.948,0.896,3.19614478719881e-70
"ODC1",2.1181430046008e-74,0.716497904862303,0.769,0.603,3.42143639533167e-70
"SIAH2",5.20835329830543e-74,0.426349951561035,0.763,0.565,8.41305308275276e-70
"HNRNPU",8.44964352754954e-74,0.456250307424022,0.964,0.931,1.36487091900508e-69
"SLC25A36",1.36968670991521e-73,0.398412581395411,0.655,0.415,2.21245494252604e-69
"TCEA1",2.33070826583439e-73,0.506987257487956,0.79,0.657,3.76479306180228e-69
"MRPL46",2.50646506085582e-73,0.37900268322742,0.587,0.341,4.0486930128004e-69
"PTBP1",2.89038433995729e-73,0.466203208134649,0.711,0.511,4.66883782433302e-69
"YTHDC1",5.84605133229692e-73,0.448969603355826,0.872,0.75,9.44312671705922e-69
"NIFK",7.2695986235996e-73,0.406462293857289,0.636,0.42,1.17425826567004e-68
"KCNK6",9.16623217313147e-73,-0.495112450103704,0.44,0.677,1.48062148292593e-68
"SNU13",1.18099631583597e-72,0.472737494647475,0.843,0.742,1.90766334896984e-68
"UBL3",2.42004379520583e-72,-0.523017873216954,0.558,0.758,3.90909674239598e-68
"CORO1C",2.46195918812046e-72,-0.455619444769219,0.356,0.601,3.97680267657098e-68
"CTSC",4.89756137212515e-72,-0.59463300904975,0.328,0.564,7.91103088439376e-68
"TBC1D4",9.66894997094113e-72,0.434959113577923,0.983,0.954,1.56182548880612e-67
"HMGB2",1.10666300714869e-71,0.496465287918251,0.909,0.814,1.78759275544727e-67
"POLB",1.14619109718286e-71,0.438018095605909,0.749,0.564,1.85144247927947e-67
"FXR1",2.89962964625067e-71,0.39715636561531,0.931,0.852,4.6837717675887e-67
"UBE2N",2.94082108669437e-71,0.431459112296562,0.726,0.556,4.75030830133742e-67
"PEDS1",1.16510090188414e-70,0.423674909719766,0.637,0.409,1.88198748681345e-66
"PPTC7",4.29597092084671e-70,0.339427899908145,0.512,0.266,6.9392818284437e-66
"RSL24D1",4.88071126815916e-70,0.442192334141066,0.766,0.623,7.88381291145749e-66
"GNPDA1",6.72326782925382e-70,-0.264641845915233,0.092,0.3,1.08600945245937e-65
"SMCHD1",6.89755760602422e-70,0.410492563408882,0.675,0.464,1.11416248010109e-65
"U2SURP",1.18391009889563e-69,0.400260260455703,0.903,0.79,1.91236998274612e-65
"RELB",1.27920879522199e-69,-0.419262347684891,0.858,0.913,2.06630596692208e-65
"ARID4B",1.38887360245965e-69,0.46150802215686,0.798,0.626,2.24344753005307e-65
"PSMD3",2.83644094031892e-69,0.407403565426269,0.773,0.631,4.58170305089715e-65
"AKAP8",2.99292732349378e-69,0.355118101047584,0.507,0.261,4.8344755056395e-65
"ETV6",5.19881161328511e-69,-0.484676325615919,0.69,0.834,8.39764039893944e-65
"CXCL10",1.04667939605597e-68,-0.97443395316716,0.096,0.301,1.69070122844921e-64
"MYO1C",2.76514450778361e-68,-0.463247237017818,0.559,0.743,4.46653792342287e-64
"ADTRP",2.87927611290477e-68,-0.632160186322974,0.321,0.549,4.65089470517507e-64
"EAF1",4.27839302389207e-68,0.400978826904228,0.695,0.478,6.91088825149287e-64
"PRPF40A",7.70859239964517e-68,0.447077561674441,0.877,0.785,1.24516893031469e-63
"CDK11B",1.01016183787397e-67,0.393017083649036,0.728,0.542,1.63171441671782e-63
"PPP1CC",1.70979493538618e-67,0.457687856197111,0.76,0.617,2.76183175912929e-63
"BUD23",2.67241732377227e-67,0.562142546701338,0.547,0.338,4.31675570308934e-63
"PIM3",2.80180908907821e-67,0.679731790851746,0.871,0.726,4.52576222158804e-63
"SNX17",2.92932257067843e-67,-0.403233231134944,0.429,0.664,4.73173474841687e-63
"TAMALIN",4.88722529190306e-67,0.521408658650965,0.902,0.781,7.89433501401101e-63
"RAB8A",1.05649356536628e-66,-0.278535479210997,0.149,0.376,1.70655405613616e-62
"AGFG1",1.20272687096931e-66,0.364533433836644,0.859,0.742,1.94276471467673e-62
"SNRNP48",1.57003310006035e-66,0.354014091612093,0.51,0.274,2.53607446652749e-62
"TRAF5",4.2498343121556e-66,-0.361520168038381,0.246,0.492,6.86475736442494e-62
"ARF4",5.38759169512684e-66,0.450235653731864,0.739,0.586,8.70257686513838e-62
"DDX17",7.31524508478753e-66,-0.49689426624708,0.565,0.753,1.18163153854573e-61
"IQGAP1",7.83539872824088e-66,-0.495710688128203,0.56,0.755,1.26565195657275e-61
"BZW1",1.29640221555068e-65,0.387353457146745,0.942,0.885,2.09407849877902e-61
"DNASE1L3",1.47402821942731e-65,-0.504139275460873,0.96,0.944,2.38099778284093e-61
"SUMO2",1.93540715467751e-65,-0.384698465586832,0.95,0.952,3.12626317695058e-61
"GRAMD2A",2.51377422978817e-65,-0.250468369803926,0.076,0.272,4.06049951337684e-61
"TVP23B",3.64445817142628e-65,0.345745642408337,0.765,0.568,5.88689328430487e-61
"NEPRO",5.42326419738875e-65,0.290954643772012,0.523,0.277,8.76019865804205e-61
"RAD23B",9.91603626734853e-65,0.394063059421287,0.667,0.468,1.60173733826481e-60
"MEX3C",1.13534554656622e-64,0.456641296063787,0.831,0.675,1.83392366136842e-60
"ZNF366",1.29662570474605e-64,-0.291774983726246,0.132,0.35,2.0944395008763e-60
"PABPC1",2.20049458639873e-64,0.325702131924333,0.998,0.996,3.55445890540987e-60
"PAXBP1",2.50778766036988e-64,0.428628719543603,0.867,0.761,4.05082940779547e-60
"NGDN",2.86848154571264e-64,0.351404970659797,0.597,0.379,4.63345824078963e-60
"EPSTI1",3.94536763928362e-64,-0.527331127355536,0.369,0.607,6.37295234773483e-60
"PRPF18",3.99506250208236e-64,0.34267379585375,0.554,0.316,6.45322445961363e-60
"SF3B6",4.48903343542286e-64,0.445606445154946,0.865,0.788,7.25113570823855e-60
"MEF2D",8.18421854873426e-64,0.367417143869164,0.471,0.231,1.32199682217705e-59
"DYNC1LI1",1.1497861047186e-63,0.406741926217648,0.832,0.715,1.85724949495196e-59
"PABPN1",1.82140714609517e-63,-0.410993844950972,0.683,0.825,2.94211896308753e-59
"ILK",3.42454640411028e-63,-0.389480835732753,0.566,0.747,5.53166980655934e-59
"PDE4B",4.09054647693295e-63,0.458847644579176,0.86,0.679,6.6074597241898e-59
"PLCL2",6.52497055149026e-63,-0.414953334430257,0.629,0.797,1.05397849318222e-58
"CHUK",7.33791495595336e-63,0.345135578748466,0.573,0.353,1.18529340283515e-58
"TBRG1",9.86477027545897e-63,0.318168409617017,0.74,0.57,1.59345634259489e-58
"ILF3",1.86825309154829e-62,0.313731969036253,0.469,0.241,3.01778921877795e-58
"DDX5",2.3324213482533e-62,0.388320514160659,0.998,0.993,3.76756020383355e-58
"CAB39",2.52437734900119e-62,-0.275227487452141,0.185,0.418,4.07762673184162e-58
"USP18",2.94783990947069e-62,0.384991938431599,0.925,0.833,4.76164580576801e-58
"M6PR",3.56001886753427e-62,-0.449548374132342,0.513,0.699,5.7504984767281e-58
"MLXIP",3.93922487726478e-62,0.305074914192358,0.404,0.176,6.3630299442458e-58
"SNIP1",7.16747313587565e-62,0.294656019595377,0.391,0.164,1.15776193563799e-57
"PHACTR1",1.99301602179231e-61,0.475031541065501,0.754,0.584,3.21931878000112e-57
"NFE2L3",2.06279588428659e-61,-0.290281879096446,0.125,0.334,3.33203419188812e-57
"RTN3",2.2995359625557e-61,-0.456939368612844,0.87,0.901,3.71444044031622e-57
"SHISA5",2.3583907803568e-61,-0.385400713893823,0.723,0.858,3.80950862751034e-57
"SLBP",2.70714462368145e-61,0.513086700605519,0.663,0.489,4.37285071063264e-57
"MOB1A",3.06840170830919e-61,0.345877264648108,0.884,0.754,4.95638927943183e-57
"PPP4R3A",3.40076412954263e-61,0.462395804914044,0.825,0.672,5.49325429845022e-57
"MRTO4",4.31428894906325e-61,0.26921408995159,0.504,0.263,6.96887093942186e-57
"SETD5",7.85924531909045e-61,-0.288219385062042,0.139,0.355,1.26950389639268e-56
"ROCK1",1.52647805798188e-60,0.468350492600148,0.898,0.794,2.46572000705813e-56
"HSPH1",1.59633258732275e-60,0.439046903486836,0.48,0.258,2.57855602830243e-56
"COQ10B",1.85466197180284e-60,0.389406105794204,0.659,0.454,2.99583548305313e-56
"EDRF1",4.1689537578034e-60,0.326336884446216,0.586,0.354,6.73411100497983e-56
"SPI1",5.75661262706199e-60,-0.42830871399635,0.344,0.56,9.29865637649322e-56
"TMSB4X",1.07975718784999e-59,-0.399146964637138,1,0.999,1.74413178553409e-55
"MED4",1.10694887011312e-59,0.322401015180644,0.537,0.308,1.78805450989373e-55
"DHX9",1.25293369137223e-59,0.316147736302912,0.827,0.697,2.02386379167357e-55
"CLK1",1.38479105969241e-59,0.353778977374844,0.603,0.386,2.23685299872115e-55
"BRIX1",1.51230578258423e-59,0.308959057625233,0.56,0.335,2.44282753060831e-55
"UBE2B",3.93758485816033e-59,0.423132104717076,0.629,0.453,6.36038082138638e-55
"PPP1R12A",4.0499448289135e-59,-0.346556229673134,0.34,0.576,6.54187588214398e-55
"NCL",4.08117562809339e-59,0.412594231802009,0.947,0.885,6.59232299205926e-55
"UBE2D2",1.39759834212368e-58,0.360446192360332,0.833,0.734,2.25754060203238e-54
"CAND1",1.60742161334038e-58,0.348704853362046,0.577,0.366,2.59646813202872e-54
"SAR1A",3.18034336373852e-58,0.324525504156785,0.569,0.355,5.13720863544683e-54
"ENSBTAG00000052466",4.56489724991648e-58,0.402950779174,0.579,0.384,7.37367852779009e-54
"TPM4",4.60072439308114e-58,-0.518074124968857,0.735,0.832,7.43155011214397e-54
"TUBGCP3",9.42407981920071e-58,0.315612898680483,0.475,0.251,1.52227161319549e-53
"NSD3",1.23860962760586e-57,-0.30628500672963,0.266,0.502,2.00072613147174e-53
"GGA2",1.9784357273585e-57,-0.351763980232102,0.338,0.569,3.19576723040219e-53
"FLT3",2.1824076749053e-57,-0.423405334962949,0.537,0.743,3.52524311727454e-53
"SSU72",2.26953805127337e-57,-0.304031330185221,0.296,0.528,3.66598481422188e-53
"NOP2",2.91466195299237e-57,0.265633264804845,0.404,0.182,4.70805345266858e-53
"DBNL",3.3438549950999e-57,-0.361056968692156,0.442,0.652,5.40132897358486e-53
"CNRIP1",4.13131576797584e-57,-0.42712986351223,0.643,0.793,6.67331436001137e-53
"ELL",6.91841115575036e-57,0.278608327544916,0.423,0.203,1.11753095398836e-52
"PPIL4",3.43281381375321e-56,0.343055832863294,0.539,0.317,5.54502415335556e-52
"ATRX",3.68654444853002e-56,-0.427708228700475,0.537,0.74,5.95487524771055e-52
"ARHGAP28",4.64615871925664e-56,-0.373755450478876,0.302,0.515,7.50494017921525e-52
"DCAF1",5.29002495074164e-56,0.311964068762995,0.51,0.293,8.54497730293298e-52
"SSB",5.65610330227037e-56,0.446256462384642,0.73,0.596,9.13630366415733e-52
"SNRPC",7.14318674586595e-56,0.330874008471018,0.89,0.818,1.15383895505973e-51
"CTSZ",8.84429637076576e-56,-0.462795899190845,0.446,0.629,1.42861919276979e-51
"ORMDL2",9.18471605242528e-56,-0.281173349638543,0.22,0.432,1.48360718394826e-51
"UBR4",1.17822972748809e-55,0.333075702837955,0.751,0.583,1.90319447881151e-51
"HNRNPH1",1.34747782542111e-55,0.394008719797472,0.904,0.832,2.17658093140273e-51
"ARID5B",1.47503843310227e-55,-0.352659523547885,0.136,0.336,2.3826295809901e-51
"POP4",1.91126250064409e-55,0.307819371012662,0.54,0.323,3.08726231729041e-51
"MAP4",2.38402229488568e-55,-0.376240340834836,0.373,0.602,3.85091121292884e-51
"COX16",2.69482747893318e-55,0.331911251382083,0.63,0.44,4.35295482672076e-51
"PUM1",3.22365129605342e-55,0.386824935096025,0.836,0.712,5.20716393851509e-51
"UBB",3.57229179396433e-55,0.37862727061608,0.996,0.985,5.77032293479059e-51
"SERINC1",4.77848156594697e-55,0.329990164504039,0.512,0.293,7.71868127347414e-51
"CTSB",5.08615530935846e-55,-0.42295902055363,0.89,0.93,8.21566667120672e-51
"DNAJC8",5.46385802134675e-55,0.351024146409627,0.804,0.682,8.82576986188141e-51
"DDX52",5.58877087943303e-55,0.288463934728953,0.51,0.289,9.02754160154817e-51
"NFE2L1",6.4169345680722e-55,-0.264956191742437,0.156,0.361,1.0365274407807e-50
"PCBP2",7.10087285632767e-55,0.436182045777493,0.961,0.933,1.14700399248261e-50
"MAP2K1",1.75399516017698e-54,-0.264920620764886,0.229,0.451,2.83322838223388e-50
"ASAH1",2.43326500592444e-54,-0.310218456988571,0.305,0.522,3.93045296406975e-50
"LSG1",3.20096121292683e-54,0.291249999949183,0.568,0.353,5.17051264724071e-50
"DERL2",3.50086014044723e-54,-0.266437656752228,0.234,0.452,5.65493938486442e-50
"TAP1",4.18031664324184e-54,0.381934935392752,0.858,0.768,6.75246547382854e-50
"PSMA6",4.84080029007036e-54,0.368166109010129,0.886,0.816,7.81934470855066e-50
"EDF1",5.13985992911771e-54,-0.327739283776185,0.976,0.97,8.30241574350383e-50
"H3-3B",5.41334327005952e-54,0.454112400046385,0.996,0.985,8.74417338412715e-50
"BAIAP2",1.62875643491427e-53,0.469124164312068,0.713,0.507,2.63093026931702e-49
"CDC42EP4",1.8076374783845e-53,0.422720134845873,0.617,0.417,2.91987681883448e-49
"TAF4",1.86036379251851e-53,0.267870221052104,0.409,0.191,3.00504563405515e-49
"BIRC3",3.00675321544687e-53,-0.557863966667185,0.864,0.88,4.85680846891133e-49
"EXOSC3",3.52409230208113e-53,0.262651813872368,0.485,0.263,5.69246629555164e-49
"CCDC88A",3.7461021582709e-53,-0.457073194638765,0.95,0.97,6.05107881625498e-49
"IRF2",4.99912645493269e-53,-0.257073144092383,0.179,0.394,8.07508896265278e-49
"VAC14",6.67895901282217e-53,0.380143165805019,0.554,0.355,1.07885224934116e-48
"POLR2A",8.41914435017409e-53,0.459093257600478,0.684,0.54,1.35994438688362e-48
"BRD4",9.73476271026827e-53,-0.315421393976949,0.352,0.576,1.57245622058963e-48
"CCDC174",1.08170290545446e-52,0.368565133699751,0.598,0.399,1.74727470318058e-48
"ADCY6",1.29694585796609e-52,-0.371805666304006,0.379,0.587,2.09495664437263e-48
"OTULINL",2.16054330234274e-52,0.403111827282817,0.7,0.509,3.48992559627423e-48
"RBIS",2.66085008211756e-52,0.346941181668612,0.782,0.678,4.2980711376445e-48
"ANXA3",3.28973232371727e-52,-0.487302646752115,0.698,0.804,5.31390462250051e-48
"RAB6A",5.03162729994203e-52,-0.339529069762017,0.275,0.487,8.12758757759636e-48
"LPXN",6.80263678475735e-52,-0.285546665930868,0.165,0.356,1.09882991984186e-47
"IKBKB",6.94199888121931e-52,-0.259687905129437,0.226,0.449,1.12134107928335e-47
"RANBP2",1.0058835229487e-51,0.36676246159306,0.824,0.707,1.62480365461903e-47
"BHLHE40",1.42284354643476e-51,0.432614116070803,0.872,0.77,2.29831918055608e-47
"SCAF11",1.71899285826016e-51,0.409805462914767,0.842,0.746,2.77668916394764e-47
"IPMK",1.99655595111134e-51,0.312898898980175,0.537,0.321,3.22503682783014e-47
"PHC2",2.67999727813314e-51,0.303732667229183,0.561,0.364,4.32899960336845e-47
"KDM3A",3.56675241908974e-51,0.307002948063163,0.428,0.227,5.76137518255566e-47
"ATP5MD",5.41268855925732e-51,0.380058151408221,0.846,0.786,8.74311582976835e-47
"EMC3",6.5020419469549e-51,0.352676581680045,0.715,0.588,1.05027483569162e-46
"NECAP2",8.05857542210514e-51,-0.361244142847347,0.576,0.73,1.30170168793264e-46
"FDX1",1.08704584710757e-50,0.388337387566368,0.592,0.428,1.75590515683285e-46
"RBM22",1.84883362297485e-50,0.335189191290613,0.724,0.565,2.98642095119128e-46
"PFDN4",2.34140440320925e-50,0.323087526256381,0.879,0.803,3.7820705325039e-46
"HS3ST1",2.42019544826189e-50,0.413772051181311,0.716,0.553,3.90934170757743e-46
"HECTD2",2.80607345592389e-50,0.264433103717225,0.399,0.194,4.53265045335386e-46
"VBP1",3.66075731958543e-50,0.299613966459111,0.556,0.364,5.91322129832634e-46
"EVI5",3.72642636495485e-50,0.272992580073,0.472,0.264,6.01929650731158e-46
"FUBP1",5.05928673921894e-50,-0.331214369393372,0.401,0.603,8.17226586986036e-46
"SON",5.48911221974695e-50,0.354168712178423,0.98,0.963,8.86656296855724e-46
"VASP",6.78674043474987e-50,-0.403428864166435,0.585,0.737,1.09626218242515e-45
"CHCHD2",6.81701938658697e-50,0.331954942757835,0.963,0.929,1.10115314151539e-45
"NIBAN1",7.55757069946282e-50,-0.417175103324098,0.538,0.712,1.22077439508423e-45
"TUBB4A",8.38257590293911e-50,-0.346181047987035,0.248,0.457,1.35403748560175e-45
"MYLIP",8.68546612165912e-50,0.406905433508045,0.9,0.825,1.4029633426316e-45
"EIF5B",1.08730825440162e-49,-0.592029208298496,0.845,0.888,1.75632902333494e-45
"CEBPZ",1.22384122038273e-49,0.366103228655387,0.656,0.482,1.97687072328423e-45
"WIPI2",1.27536051763527e-49,0.344708613946976,0.629,0.465,2.06008984413625e-45
"ID2",1.76948077200022e-49,0.525592042118423,0.982,0.956,2.85824229101195e-45
"PSMB1",2.35858527264335e-49,0.300553199702958,0.953,0.926,3.8098227909008e-45
"APOBEC3H",2.52712768613331e-49,-0.400314858543056,0.296,0.494,4.08206935141113e-45
"ITGB1",2.93704362877646e-49,-0.447382425464246,0.656,0.776,4.74420657356261e-45
"SPCS3",3.05472249719113e-49,0.36292637011447,0.913,0.845,4.93429324971283e-45
"ANKRD11",3.06459352542552e-49,0.437012841632725,0.856,0.769,4.95023792161985e-45
"SUCLG1",3.0933485844611e-49,-0.295420385671426,0.438,0.637,4.99668596848001e-45
"CSNK1A1",3.91486503408643e-49,0.329967626893275,0.949,0.89,6.32368148955981e-45
"N4BP1",5.25437298605942e-49,0.457237011339394,0.906,0.801,8.48738868438177e-45
"MSN",7.22463193972866e-49,-0.439364543689933,0.91,0.952,1.16699479722437e-44
"DLGAP4",1.06120284681809e-48,-0.34214527212346,0.439,0.63,1.71416095846525e-44
"BCLAF1",1.30873623087567e-48,0.390914536755774,0.912,0.842,2.11400163373347e-44
"MRPS31",1.93165998897885e-48,0.285498703635705,0.448,0.25,3.12021038019753e-44
"SMARCE1",2.34692124678957e-48,-0.350640732341744,0.763,0.866,3.79098188993918e-44
"CHCHD7",3.03093855417288e-48,0.296184201630421,0.468,0.28,4.89587504655546e-44
"EIF6",3.23106967611694e-48,-0.310409498153704,0.446,0.639,5.21914684783169e-44
"CRIM1",3.89765030561212e-48,-0.343583044841818,0.229,0.428,6.29587453865526e-44
"FAM241A",4.00960931200419e-48,0.32820604638165,0.483,0.292,6.47672192168037e-44
"CUL3",5.09484070259044e-48,0.338112792346648,0.598,0.423,8.22969618689433e-44
"ENSBTAG00000053910",5.57480078411756e-48,-0.415936016020909,0.255,0.454,9.00497570658509e-44
"CNBP",5.86088761671284e-48,0.348765468548897,0.94,0.908,9.46709176727625e-44
"ENSBTAG00000050705",5.997229018135e-48,0.280214775301373,0.651,0.468,9.68732403299346e-44
"BCCIP",7.66164774747455e-48,0.278195144080027,0.445,0.245,1.23758596064956e-43
"SLAMF7",8.54798336199798e-48,-0.436213735482083,0.212,0.404,1.38075575246353e-43
"GNB2",1.14373975226917e-47,-0.364309041679343,0.607,0.744,1.84748282184039e-43
"SNX6",1.46671719596889e-47,-0.329786505964456,0.477,0.65,2.36918828664855e-43
"CD83",1.77712300151573e-47,0.372302682149439,0.985,0.97,2.87058678434836e-43
"MARCHF7",1.9934819042792e-47,-0.256700788863075,0.183,0.382,3.22007131998219e-43
"IK",2.52571203749146e-47,0.348234831321556,0.8,0.686,4.07978265415996e-43
"SLCO5A1",3.15409107044095e-47,-0.31323440610518,0.333,0.543,5.09480330608326e-43
"NSFL1C",3.31611874304809e-47,0.337885320581544,0.683,0.541,5.35652660564559e-43
"SRP19",4.58593570806487e-47,0.280363237364232,0.608,0.421,7.40766194923719e-43
"ANXA5",5.40099255122194e-47,-0.425771000885281,0.514,0.678,8.72422326798881e-43
"ENSBTAG00000040169",7.20064719511358e-47,0.254545533727583,0.37,0.173,1.1631205414267e-42
"GPATCH8",7.42288505675215e-47,0.32293784002525,0.72,0.575,1.19901862321717e-42
"NDUFS3",9.96803586940046e-47,0.259873544902808,0.501,0.305,1.61013683398426e-42
"ND3",1.05356438501353e-46,0.330720092582385,0.998,0.993,1.70182255111236e-42
"MRPL15",1.15971233227745e-46,0.286592346342696,0.457,0.264,1.87328333032777e-42
"PIM1",1.33998637627573e-46,0.726649202728096,0.802,0.72,2.16447999359819e-42
"SYNCRIP",1.45334171516704e-46,0.314687459712458,0.611,0.431,2.34758287250931e-42
"EIF4A1",3.80564741394257e-46,-0.400670594902679,0.813,0.87,6.14726226774143e-42
"SMAGP",3.99728415763029e-46,-0.330186536787809,0.709,0.82,6.4568130998202e-42
"ZPR1",8.53796288353876e-46,0.289317004669242,0.715,0.582,1.37913714457802e-41
"USP7",9.48462312371139e-46,0.327369084073378,0.654,0.493,1.5320511731731e-41
"BZW2",9.53120474109607e-46,0.387172915885906,0.562,0.378,1.53957550182925e-41
"NAA25",1.23895522022591e-45,0.262973122210625,0.41,0.215,2.00128436723092e-41
"TCAF2",3.14739881141763e-45,-0.383102082144289,0.252,0.444,5.08399330008289e-41
"RALA",3.26561755719969e-45,-0.390310672982693,0.67,0.782,5.27495204014466e-41
"UFM1",4.26906588904085e-45,0.277192582777754,0.524,0.335,6.89582213056768e-41
"LAMTOR2",4.42113268922171e-45,-0.32881878956149,0.437,0.624,7.14145563289983e-41
"PPP1R18",4.71012456435079e-45,-0.334820594680095,0.587,0.749,7.60826420879584e-41
"UBC",5.02076646687026e-45,0.354078438580723,0.994,0.985,8.11004407393553e-41
"ZFAND2A",5.17555468098333e-45,0.289881753089976,0.409,0.223,8.36007347619237e-41
"IDO1",1.04495697428342e-44,-0.750042136416465,0.173,0.353,1.68791900056002e-40
"ARPC1A",1.05739861123309e-44,0.277172275309074,0.554,0.367,1.70801597672481e-40
"TMBIM4",1.06981297346892e-44,-0.383938195434932,0.829,0.874,1.72806889604434e-40
"EPS15",1.3404659451678e-44,-0.383105006041261,0.646,0.777,2.16525464122955e-40
"MCRS1",1.72101157935418e-44,0.283517814981138,0.606,0.447,2.7799500041308e-40
"WARS1",1.87122771007095e-44,-0.396819538671115,0.969,0.973,3.0225941200776e-40
"SEC14L1",1.92022066907908e-44,0.306663044330338,0.688,0.493,3.10173244676344e-40
"ZC3H15",3.28720026701662e-44,0.380074863533402,0.694,0.578,5.30981459131195e-40
"LSP1",3.33922056147078e-44,-0.283944395151719,0.996,0.993,5.39384297294375e-40
"DDA1",3.80238117372403e-44,0.278316438518813,0.783,0.674,6.14198630991642e-40
"ENSBTAG00000049233",4.35733509892843e-44,-0.407777484563617,0.746,0.848,7.03840338529909e-40
"YWHAE",4.73531438521716e-44,0.332884811397159,0.94,0.895,7.64895332644127e-40
"ZMIZ1",5.79330875035094e-44,0.33556472671964,0.789,0.657,9.35793162444188e-40
"SKIL",6.00228541184454e-44,0.378344961449873,0.723,0.584,9.69549162575249e-40
"PSMB9",6.14828341901938e-44,-0.320064567730522,0.908,0.936,9.93132220674201e-40
"AP1S3",9.71129061475656e-44,-0.280729013925591,0.274,0.472,1.56866477300163e-39
"TMED2",1.06733656779437e-43,0.324043742992093,0.73,0.622,1.72406875795825e-39
"PSMA2",1.09926616944353e-43,-0.320860719172395,0.392,0.584,1.77564464350213e-39
"KRR1",1.83747285424661e-43,0.265126516410114,0.411,0.224,2.96806990146455e-39
"JAML",2.6753656394207e-43,-0.387376252419325,0.246,0.428,4.32151811735625e-39
"ACTR2",3.78562918287452e-43,-0.375174399901313,0.503,0.648,6.11492681909722e-39
"UBE2E3",4.54830179979806e-43,0.294487708797046,0.746,0.62,7.34687189721381e-39
"MDFIC",5.27207750982047e-43,-0.387737445316355,0.33,0.524,8.51598680161301e-39
"SMIM7",6.72605486314168e-43,-0.305850788406345,0.525,0.684,1.08645964204328e-38
"DNAJB6",7.21966152684141e-43,0.276022933880671,0.521,0.327,1.16619192643069e-38
"UTP3",8.26191113724916e-43,0.258299565135139,0.543,0.348,1.33454650599986e-38
"WNK1",1.06274935029776e-42,-0.329269442060492,0.831,0.902,1.71665902553598e-38
"SF3B3",1.56498124333052e-42,0.26092873144459,0.643,0.471,2.5279142023518e-38
"NUP50",1.61583651294513e-42,0.297636048787965,0.639,0.46,2.61006071936027e-38
"LRRFIP2",1.90708263710772e-42,0.312973760208143,0.67,0.506,3.0805105837201e-38
"FAM32A",2.60106251232587e-42,0.314390654207633,0.915,0.873,4.20149627615998e-38
"CYP4V2",3.76186596816223e-42,-0.34364268534836,0.219,0.402,6.07654209837246e-38
"MAPK1IP1L",4.37941934044135e-42,0.310971424069753,0.674,0.531,7.07407606061492e-38
"FAM204A",5.35752551762876e-42,0.33701269183119,0.709,0.602,8.65401096862573e-38
"JAK3",6.91300413551241e-42,-0.25433335423738,0.262,0.458,1.11665755800932e-37
"KMT2A",6.95795875805645e-42,-0.310527106805079,0.412,0.617,1.12391907818886e-37
"ENSBTAG00000038619",7.23044688981624e-42,-0.314077599709633,0.271,0.464,1.16793408611202e-37
"RAD21",7.61709106619792e-42,0.307791579422116,0.709,0.573,1.23038871992295e-37
"LRRK1",7.94257590600303e-42,-0.424744736158523,0.774,0.866,1.28296428609667e-37
"CLTB",9.09728166530685e-42,0.293373083465588,0.577,0.406,1.46948390739702e-37
"NEDD8",1.10248029525107e-41,-0.30454814019113,0.66,0.788,1.78083642091906e-37
"ATP5F1C",1.15576535854807e-41,-0.319726206342359,0.731,0.833,1.8669077836627e-37
"RAB1A",1.210119245798e-41,0.264004539462131,0.605,0.434,1.95470561773751e-37
"CAMK2D",1.30225875119546e-41,-0.290794260704789,0.226,0.421,2.10353856080602e-37
"SCAND1",1.31442821755509e-41,0.344159494305138,0.717,0.62,2.12319589981674e-37
"ND5",1.51763759303647e-41,0.270628710475102,0.998,0.985,2.45144000403181e-37
"UBE2I.1",1.52067434151027e-41,-0.290233537697742,0.402,0.579,2.45634526384154e-37
"ELOVL5",2.33076926172708e-41,0.27085533758036,0.49,0.302,3.76489158846775e-37
"TLN1",2.49852537045871e-41,-0.324078202859544,0.612,0.77,4.03586803090196e-37
"CD86",2.67359938024302e-41,0.382058999671164,0.51,0.331,4.31866507890655e-37
"APPL1",2.89368269808821e-41,-0.367170052503381,0.905,0.924,4.67416566222189e-37
"NR3C1",3.16754273894211e-41,0.333939700626472,0.651,0.499,5.11653178621319e-37
"SAFB",3.28658277478387e-41,0.273199677050775,0.883,0.821,5.30881715610839e-37
"HIVEP1",3.61447013012715e-41,-0.253219166879501,0.265,0.46,5.83845360119439e-37
"EEA1",4.42679258533659e-41,-0.29154680353482,0.308,0.497,7.1505980630942e-37
"RAD50",5.15547211240702e-41,-0.252703563297385,0.178,0.36,8.32763410317106e-37
"SRSF2",5.945155480951e-41,0.492495362246592,0.91,0.876,9.60320964838014e-37
"TRIM8",7.09272260699493e-41,0.253219197625189,0.415,0.229,1.14568748270789e-36
"FMNL3",7.39944644199275e-41,0.358542738838721,0.519,0.343,1.19523258377509e-36
"TOPORS",7.47568763692317e-41,0.28509828832432,0.887,0.812,1.2075478239922e-36
"SLC15A4",7.68188405564332e-41,-0.25663956100237,0.238,0.43,1.24085473150806e-36
"SLC7A1",1.9398837351508e-40,0.417146735225622,0.726,0.602,3.13349419738909e-36
"HDLBP",1.9663129464001e-40,0.637851009533967,0.704,0.607,3.17618530232009e-36
"TMED9",2.26598071672242e-40,0.294003420092986,0.883,0.83,3.66023865172173e-36
"VCP",2.46158338828727e-40,-0.39291444867675,0.766,0.842,3.97619564710043e-36
"CAPZA2",2.60329951733227e-40,-0.254052417740652,0.287,0.47,4.20510971034682e-36
"GGTA1",2.87261072322301e-40,0.268218178898804,0.696,0.509,4.64012810122213e-36
"VAPA",3.12758856367821e-40,0.388871077812269,0.695,0.598,5.05199380690942e-36
"SSR1",3.60153547851435e-40,0.329452528417314,0.928,0.896,5.81756025844423e-36
"RLF",4.56753937675913e-40,0.273821366511955,0.503,0.325,7.37794635527903e-36
"SETD2",5.45286263406742e-40,0.35173264389242,0.542,0.367,8.80800901280911e-36
"CCDC186",5.77122974656969e-40,0.327522802356556,0.702,0.556,9.32226740963402e-36
"C11H9orf78",6.18888501382016e-40,0.263421203964438,0.517,0.356,9.99690596282371e-36
"PARK7",7.94213899520532e-40,-0.282769696238423,0.482,0.652,1.28289371189552e-35
"GTF3C1",8.14982857552819e-40,-0.365455846229493,0.713,0.832,1.31644180980507e-35
"NUP98",1.08723256319629e-39,0.260186366729683,0.534,0.355,1.75620675933097e-35
"CHD1",1.21735661163237e-39,0.318551536867715,0.829,0.739,1.96639613476977e-35
"SRGAP2",1.29677378326507e-39,-0.326916610755695,0.499,0.682,2.09467869210806e-35
"SH3GLB1",1.36396533186825e-39,0.298454513144821,0.908,0.861,2.20321320056679e-35
"CAMLG",1.78335118677206e-39,0.27659198574254,0.581,0.421,2.88064717199291e-35
"TOB1",2.34147068366301e-39,0.519130621187062,0.825,0.761,3.78217759532086e-35
"ENSBTAG00000030593",2.61235599650847e-39,-0.309126542835135,0.913,0.935,4.21973864116013e-35
"CLINT1",3.56731721345466e-39,-0.360707528759861,0.448,0.629,5.76228749489331e-35
"MYO1G",3.70372021302263e-39,-0.381350693549142,0.819,0.864,5.98261926009545e-35
"HMGN1",4.39438174894208e-39,-0.31128861570431,0.892,0.913,7.09824483906613e-35
"PPP1R2",5.67265380591866e-39,0.276637621667334,0.906,0.834,9.16303769270041e-35
"ENSBTAG00000014880",8.517765566923e-39,-0.289210857570339,0.285,0.476,1.37587467202507e-34
"RWDD1",9.13028761596622e-39,0.311528277610835,0.867,0.816,1.47481535860702e-34
"FNBP4",1.09307450825698e-38,0.328502823243431,0.821,0.744,1.76564325318749e-34
"EIF4A3",1.25872158773711e-38,0.278333030807866,0.597,0.447,2.03321298067176e-34
"LDHA",1.36436969182469e-38,-0.476546091657646,0.607,0.724,2.20386636320442e-34
"PITPNB",1.50394472388433e-38,0.288254378805038,0.619,0.462,2.42932191249036e-34
"TWF2",1.60611188436184e-38,-0.310171393311871,0.517,0.667,2.59435252680969e-34
"ILRUN",2.00322848829096e-38,0.355161042092117,0.873,0.763,3.23581497713638e-34
"MRPL33",2.3996245226041e-38,0.260666479664974,0.533,0.373,3.8761134913624e-34
"NSA2",2.46423578752567e-38,0.271306157839039,0.967,0.936,3.98048006759022e-34
"LSM3",2.52779732477066e-38,0.293161274589584,0.695,0.587,4.08315101870204e-34
"MALT1",2.63292537695015e-38,-0.296549168512988,0.302,0.487,4.25296436138757e-34
"EPB41",3.45973420036428e-38,-0.273424137206577,0.426,0.619,5.58850865384841e-34
"IRF4",3.48408077842047e-38,0.466415511879137,0.744,0.616,5.62783568138258e-34
"ICE1",9.04272559573024e-38,0.261355899629551,0.461,0.293,1.46067146547831e-33
"PSMC3",9.35084349098336e-38,0.305363400170807,0.796,0.729,1.51044174909854e-33
"PVR",1.13745891662888e-37,0.356503692997123,0.899,0.82,1.83733738803063e-33
"SF1",1.14403415555661e-37,0.308496092995236,0.75,0.652,1.84795837147059e-33
"PDIA6",1.17740255472915e-37,-0.269774548857576,0.422,0.598,1.901858346654e-33
"SNRPA1",1.2914199347952e-37,0.274611654502942,0.595,0.448,2.08603062067469e-33
"PRR13",1.62757543306545e-37,-0.280451470753772,0.521,0.679,2.62902259703063e-33
"JUNB",2.08856944536429e-37,-0.44047690077408,0.867,0.901,3.37366622509695e-33
"SBNO1",2.39929703712601e-37,0.34494800523872,0.918,0.847,3.87558450406965e-33
"ABTB2",2.47118220277127e-37,0.258731900410926,0.332,0.164,3.99170061213643e-33
"FAM104A",2.56635571474828e-37,0.278539088914922,0.602,0.462,4.1454343860329e-33
"PSMD6",2.94715324459928e-37,0.28769609739366,0.652,0.502,4.76053663600121e-33
"CCT5",4.08711334828689e-37,0.263203985825872,0.664,0.528,6.60191419148781e-33
"ECPAS",4.41310727635928e-37,0.26600779243535,0.583,0.431,7.12849218350315e-33
"SMG7",5.8196219634729e-37,0.292629722660691,0.601,0.438,9.40043535759778e-33
"PWP1",6.12898352705999e-37,0.270000167936537,0.65,0.52,9.90014709126001e-33
"TAGLN2",6.48618565435523e-37,-0.285629826874539,0.983,0.968,1.047713568748e-32
"ZFP36",7.42463374681111e-37,-0.375737880211537,0.381,0.559,1.1993010891224e-32
"TOP1",1.06627961865841e-36,0.334271635539348,0.69,0.575,1.72236146801893e-32
"CDK12",1.16295608077295e-36,0.295695286091086,0.627,0.471,1.87852295727255e-32
"ALDOA",1.21841642948155e-36,-0.336581715174847,0.921,0.931,1.96810805854154e-32
"ATP6V1E1",1.4947826563032e-36,0.326381939727579,0.931,0.892,2.41452242472656e-32
"EMC6",1.96228125457676e-36,0.27465286654981,0.791,0.697,3.16967291051784e-32
"BIRC6",2.04206091065828e-36,0.317826495236188,0.598,0.459,3.29854098898632e-32
"NDUFB7",2.2678981635884e-36,0.253854764457739,0.867,0.812,3.66333590364435e-32
"PPP1CA",2.37140805910047e-36,-0.297550659439818,0.689,0.803,3.83053543786499e-32
"POLR2F",2.82227161219922e-36,0.308886250141077,0.7,0.62,4.5588153351854e-32
"NUDC",2.87427344540006e-36,-0.309132272894142,0.605,0.736,4.64281389635472e-32
"ENSBTAG00000024482",3.00053826218868e-36,-0.340776819315833,0.606,0.749,4.84676945491338e-32
"ASAP1",3.17095466816473e-36,-0.295127665317689,0.307,0.489,5.12204307548649e-32
"ENSBTAG00000055197",3.51147789613297e-36,-0.478983871935922,0.382,0.529,5.67209024562358e-32
"CCT2",3.65179814112867e-36,0.299562514576311,0.842,0.775,5.89874953736514e-32
"VDAC2",3.89959823265274e-36,0.295906489823772,0.967,0.932,6.29902102520397e-32
"PPP2R2A",4.19346121923901e-36,0.267436951603827,0.52,0.361,6.77369790743677e-32
"TMBIM1",5.51571226367465e-36,0.277081774790099,0.76,0.639,8.90953001951367e-32
"VPS29",6.08604453894645e-36,0.289443847920186,0.769,0.653,9.83078774376021e-32
"MPZL1",6.4801471085468e-36,-0.264815231868919,0.272,0.442,1.04673816244356e-31
"TNFSF13B",1.20812890331185e-35,-0.357535143846162,0.744,0.805,1.95149061751963e-31
"NFKBIZ",1.43407361042015e-35,0.256869741966135,0.884,0.759,2.31645910291167e-31
"GPBAR1",2.03872749886386e-35,-0.362244492496375,0.289,0.455,3.29315652891479e-31
"RHOA",2.04217730707695e-35,-0.320653886193793,0.733,0.82,3.29872900412141e-31
"FSTL3",2.89869517411914e-35,-0.376700940249066,0.185,0.344,4.68226231475464e-31
"ENSBTAG00000002549",3.30657604533057e-35,0.447587423476138,0.996,0.984,5.34111228602247e-31
"GOLGA4",4.93459847929062e-35,0.380103705772321,0.722,0.607,7.97085692359814e-31
"PSMD13",5.84989605051235e-35,-0.254136674003059,0.574,0.719,9.44933709039261e-31
"BCOR",9.89688518981257e-35,0.314140355437197,0.619,0.458,1.59864386471042e-30
"TAF3",1.05364395877747e-34,0.286424683255407,0.557,0.392,1.70195108661324e-30
"H2BC15",1.56160909155978e-34,0.267730790868024,0.581,0.425,2.52246716559651e-30
"UBR5",1.63446984714421e-34,0.300867728440036,0.63,0.48,2.64015914409204e-30
"DTNBP1",2.70872827798567e-34,-0.254878917921462,0.191,0.352,4.37540878743025e-30
"LFNG",3.84402606564153e-34,0.346655901949716,0.723,0.613,6.20925530383076e-30
"CMC1",3.97308931268434e-34,0.322145712547406,0.669,0.57,6.41773116677902e-30
"CLTA",4.07768762933054e-34,-0.279659082139784,0.954,0.943,6.58668882765761e-30
"TMCC3",5.36968946797635e-34,-0.315984560041574,0.499,0.653,8.67365939762221e-30
"AIMP1",5.80165883510004e-34,0.281778531126335,0.952,0.904,9.37141951633709e-30
"HSBP1",5.93315176152202e-34,-0.283852351361617,0.402,0.559,9.58382004038651e-30
"TMEM243",6.16640963064729e-34,0.307569437440073,0.459,0.312,9.96060147638457e-30
"WDR1",6.47649369257755e-34,-0.271756591365366,0.91,0.918,1.04614802616205e-29
"PCNA",6.54891973258013e-34,0.315645120179292,0.604,0.464,1.05784700440367e-29
"HMGB1",7.04129141242381e-34,0.337461229784622,0.841,0.786,1.13737980184882e-29
"WDR7",7.54396551012023e-34,0.262100288911581,0.64,0.491,1.21857674884972e-29
"KIF13B",1.00915988825157e-33,-0.307790751113116,0.249,0.425,1.63009596749277e-29
"TRIP12",1.05262952735817e-33,-0.26613136701159,0.364,0.533,1.70031247554166e-29
"FAM184A",1.12821252581967e-33,-0.342897939902533,0.329,0.49,1.82240169295651e-29
"RRAGC",1.28335156460878e-33,-0.350253838709775,0.656,0.769,2.07299778231256e-29
"NOCT",1.40923653906024e-33,0.28830469689112,0.721,0.565,2.276339781544e-29
"GPX4",1.49639428686484e-33,-0.364989022049779,0.738,0.826,2.41712569157277e-29
"CORO1A",1.50636855651101e-33,-0.383417463943669,0.912,0.901,2.43323712933223e-29
"CAPNS1",1.69369962584768e-33,-0.276498732607928,0.819,0.883,2.73583300563176e-29
"UQCR10",1.71497913876868e-33,-0.27555927929233,0.773,0.834,2.77020580285305e-29
"PAIP2",1.83026619974839e-33,0.30393635517012,0.544,0.409,2.95642899245358e-29
"ATP6V0B",2.11272355609343e-33,-0.253929782222411,0.706,0.821,3.41268236015772e-29
"ARHGDIA",2.14134301108933e-33,-0.31272933193317,0.733,0.827,3.45891136581259e-29
"PNRC2",2.34916387085707e-33,-0.328946595942195,0.579,0.715,3.79460440059542e-29
"UNC93B1",2.88955968347084e-33,-0.30787949223188,0.683,0.796,4.66750575671046e-29
"TTC3",3.36571452621436e-33,-0.346860662756301,0.477,0.652,5.43663867419405e-29
"EPC1",4.03330835555759e-33,0.305952381843946,0.636,0.52,6.51500298673218e-29
"MVP",4.57582488832804e-33,-0.274174319710965,0.738,0.825,7.39132994211628e-29
"ND4L",4.79557620048456e-33,0.288741621889488,0.888,0.794,7.74629423664271e-29
"CTNNA1",6.62271152674603e-33,-0.290303164270911,0.448,0.598,1.06976659291529e-28
"PRPF38B",7.23976887757926e-33,0.263007326040038,0.627,0.483,1.16943986679538e-28
"SLC25A4",1.45346976023397e-32,0.521324162515861,0.856,0.806,2.34778970370594e-28
"KCTD20",2.1187259406991e-32,-0.420636254221079,0.692,0.788,3.42237801201126e-28
"MAP2K3",2.96013617317736e-32,0.27852217913277,0.752,0.614,4.78150796053338e-28
"PRDX6",3.19337153889725e-32,0.31618311623179,0.713,0.627,5.15825304678073e-28
"TPI1",3.23767303685818e-32,-0.345813834908883,0.552,0.689,5.22981325643702e-28
"ENSBTAG00000022489",3.23857612344627e-32,-0.297980700411176,0.272,0.443,5.23127201220276e-28
"EMC7",4.22649070298779e-32,0.250750675419931,0.619,0.487,6.82705043253618e-28
"FOSB",4.68464372187728e-32,-0.404648788821875,0.442,0.644,7.56710500394837e-28
"PNP",6.07583826063504e-32,-0.433058118327665,0.603,0.718,9.81430154240379e-28
"JUN",6.17034963691672e-32,-0.489653649715091,0.844,0.905,9.96696576851157e-28
"ZNF292",6.19801359017453e-32,0.39067696035012,0.825,0.758,1.00116513522089e-27
"CFLAR",7.29999851836087e-32,0.377041379934097,0.821,0.747,1.17916876067083e-27
"RBM18",8.22781912111287e-32,0.288736552179781,0.576,0.452,1.32903962263336e-27
"PRPF38A",8.9619696024693e-32,0.268280099449098,0.644,0.498,1.44762694988687e-27
"ZNF638",1.02597095399702e-31,-0.275833460574919,0.338,0.518,1.65725088199139e-27
"TRAF6",1.40281763626255e-31,0.258115302141118,0.838,0.758,2.2659713278549e-27
"ZBTB10",2.69322592514782e-31,0.303772657096745,0.76,0.65,4.35036783689127e-27
"CSRP1",3.43410412290755e-31,-0.320449103362887,0.925,0.94,5.54710838973257e-27
"KDELR2",5.67949349050921e-31,0.346271088399049,0.691,0.619,9.17408583521953e-27
"RPL4",5.68641696593606e-31,0.27036826895131,0.967,0.935,9.18526932507652e-27
"SRP14",6.55710010134237e-31,-0.252480715521422,0.465,0.621,1.05916837936983e-26
"PPP4C",1.24388327096092e-30,-0.296806698760369,0.729,0.799,2.00924464758318e-26
"SOAT1",1.27626010561762e-30,0.32552168660583,0.534,0.395,2.06154294860414e-26
"IL2RG",1.46782218605617e-30,-0.299274029096755,0.662,0.775,2.37097317713654e-26
"SUGT1",1.6731263725962e-30,0.273551515054299,0.708,0.62,2.70260102965465e-26
"CLEC6A",2.15233226645183e-30,-0.490611278364099,0.222,0.374,3.47666230999964e-26
"ZNRF1",2.5047990446062e-30,-0.286794440080627,0.796,0.861,4.0460018967524e-26
"KDM5A",2.60703818078158e-30,0.273413078593968,0.654,0.541,4.21114877341648e-26
"UBE2D3",2.67517813589115e-30,0.278413381591528,0.895,0.867,4.32121524290497e-26
"OTULIN",2.91760432462729e-30,-0.369101158620737,0.676,0.757,4.71280626557046e-26
"ACBD3",3.05167209284302e-30,0.258983264061927,0.587,0.455,4.92936593156933e-26
"ARL14EP",3.86623816543581e-30,0.256349595946736,0.743,0.631,6.24513450862846e-26
"BRD2",4.42940455058968e-30,0.643672167235912,0.904,0.872,7.15481717056752e-26
"RALY",4.91810698998341e-30,-0.255419039779447,0.767,0.838,7.9442182209202e-26
"WIPF1",5.51564200797216e-30,-0.267474836254754,0.465,0.615,8.90941653547743e-26
"SNRPF",5.86043855406293e-30,0.26002070204661,0.704,0.596,9.46636639637786e-26
"PSMD4",7.17199500398614e-30,-0.279599763756027,0.603,0.731,1.15849235299388e-25
"COMMD3",7.60333746132091e-30,-0.253927388243512,0.448,0.596,1.22816710012717e-25
"ETV3",8.98852027156034e-30,0.298483406226924,0.96,0.937,1.45191567946514e-25
"AMD1",9.14404881848999e-30,0.328678435540142,0.545,0.44,1.47703820565069e-25
"SDF2",9.6237183202523e-30,0.259694561773007,0.67,0.576,1.55451922027035e-25
"SLC25A33",1.08927366557373e-29,0.262227010542012,0.476,0.323,1.75950375200125e-25
"SNAP29",1.91650981070209e-29,0.251144312359438,0.521,0.383,3.09573829722709e-25
"GALNT7",3.01309893289889e-29,-0.335821895037735,0.654,0.773,4.86705870631158e-25
"H1-2",4.29824999153576e-29,-0.299963043194362,0.285,0.439,6.94296321132771e-25
"MANF",4.42295980587575e-29,0.301786307416192,0.556,0.443,7.1444069744311e-25
"BCKDHB",4.53112171189652e-29,-0.374105041270528,0.433,0.565,7.31912090122645e-25
"CYBA",5.5789048263207e-29,-0.320169028896983,0.911,0.933,9.01160496595583e-25
"TUBB",7.4709664078497e-29,-0.35589465148506,0.931,0.93,1.20678520385996e-24
"EIF3A",1.01911011535714e-28,0.296801772275575,0.878,0.825,1.64616856933639e-24
"PLA2G16",1.81989778376464e-28,-0.316830974123296,0.908,0.902,2.93968089011502e-24
"PPFIA1",3.08052941750026e-28,0.262140592071284,0.864,0.77,4.97597916808817e-24
"RSRC2",4.12622278505351e-28,0.275463296372011,0.807,0.71,6.66508766469694e-24
"KTN1",4.69776191046856e-28,-0.319802705265472,0.617,0.732,7.58829481397986e-24
"SUCLG2",5.8418197406771e-28,-0.275084858474216,0.554,0.688,9.43629142711571e-24
"TRPV2",8.84447192966357e-28,-0.267837235988829,0.49,0.63,1.42864755079856e-23
"MORF4L1",9.06918450835243e-28,0.273538078436361,0.812,0.746,1.46494537363417e-23
"MYH9",1.24655557756034e-27,-0.332118092521296,0.877,0.91,2.01356122443321e-23
"CLIP1",1.54288465641775e-27,-0.284187399402952,0.59,0.719,2.49222158551158e-23
"ANXA2",1.67808111873486e-27,-0.475373967639158,0.524,0.666,2.71060443109242e-23
"FLNB",1.8516401852462e-27,-0.296554365843355,0.325,0.488,2.99095439122819e-23
"TMEM150C",3.03333559138894e-27,-0.295152031872886,0.362,0.505,4.89974698077055e-23
"MAFF",3.82303493153659e-27,0.41473341247756,0.641,0.525,6.17534832491106e-23
"ZFAND6",3.9535684380118e-27,0.315992796703274,0.927,0.881,6.38619909792046e-23
"KLF6",4.45684078610297e-27,-0.339691225805529,0.74,0.827,7.19913492179213e-23
"ENSBTAG00000054755",7.4362553276798e-27,0.30632251618316,0.811,0.723,1.20117832308012e-22
"DPYSL2",9.7137059662391e-27,-0.297856379124449,0.547,0.68,1.5690549247266e-22
"MAP1LC3B",1.19522112040284e-26,0.356533996678475,0.62,0.542,1.93064067578671e-22
"TNFAIP8",1.3448628845997e-26,0.333339488955942,0.749,0.659,2.17235701749389e-22
"TUBA1A",2.06767876290536e-26,-0.500374768531813,0.837,0.876,3.33992150572103e-22
"COX2",2.67250326210584e-26,-0.29717239591833,1,0.994,4.31689451927956e-22
"FOS",8.31062331633761e-26,-0.260781724421063,0.56,0.716,1.34241498428801e-21
"AAMP",1.55752377871871e-25,-0.268927020801908,0.696,0.786,2.51586815976434e-21
"SH3BGRL",1.63735349053223e-25,-0.250271486657488,0.436,0.583,2.64481709325672e-21
"PSMD1",4.82208415120688e-25,-0.281270012240304,0.593,0.686,7.78911252944448e-21
"GALK1",4.83195536108341e-25,-0.253389059354643,0.862,0.899,7.80505749475804e-21
"UBE2A",4.85468090352904e-25,0.276701967968861,0.536,0.433,7.84176606347045e-21
"TNIP2",5.7823229509443e-25,-0.302139846180301,0.56,0.684,9.34018626266032e-21
"CYSTM1",8.16819628083974e-25,-0.355606094420443,0.759,0.813,1.31940874524404e-20
"ENSBTAG00000025385",9.63064597376381e-25,-0.320096942780805,0.894,0.893,1.55563824414207e-20
"SWAP70",1.11399020080095e-24,-0.411260583707021,0.484,0.591,1.79942837135377e-20
"PCNX1",1.28933534086721e-24,-0.299483746224982,0.473,0.616,2.0826633761028e-20
"ENO1",1.32192876231622e-24,-0.268486836457786,0.967,0.956,2.13531152976939e-20
"CBX4",1.85542671006035e-24,0.276748835120974,0.442,0.313,2.99707076476048e-20
"CWC15",8.32119715777869e-24,0.255209622802659,0.774,0.728,1.34412297689599e-19
"H2AJ",9.09976700355574e-24,-0.268912357954324,0.923,0.918,1.46988536408436e-19
"SEPTIN6",9.37489481202149e-24,-0.25205334620953,0.376,0.518,1.51432675898583e-19
"TUBB6",5.96108465955289e-23,-0.504734778483482,0.789,0.832,9.62894005057579e-19
"IMPA1",7.09126117477738e-23,-0.280774830351403,0.634,0.72,1.14545141756179e-18
"AKAP9",1.47569454290425e-22,0.316387166044302,0.693,0.601,2.38368939515323e-18
"PLVAP",1.56294614597893e-22,-0.298898924250095,0.521,0.635,2.52462690959976e-18
"MED10",2.19365990790331e-22,0.261895700120187,0.625,0.538,3.54341884923622e-18
"CD82",3.12169568727509e-22,-0.281406213235092,0.511,0.615,5.04247504365545e-18
"CD1E",4.21001283502642e-22,-0.386055563490143,0.455,0.572,6.80043373241817e-18
"GPR183",4.47312055985624e-22,0.344046207199256,0.69,0.613,7.22543164033579e-18
"FUS",5.11866235094318e-22,0.287733069629035,0.732,0.675,8.26817529547852e-18
"LMNB1",5.52313845183881e-22,-0.331344373395976,0.283,0.412,8.92152554125522e-18
"ACSL5",5.68067219923471e-22,-0.336356100162452,0.664,0.756,9.17598980342382e-18
"WDR74",8.4746864852434e-22,0.390206770056067,0.436,0.32,1.36891610796137e-17
"PLBD1",1.15279065839844e-21,-0.330892626423376,0.618,0.693,1.862102750511e-17
"IL6R",1.28107860214422e-21,-0.254632387121664,0.382,0.511,2.06932626604356e-17
"BCL2A1",2.26475293905172e-21,0.314724912033252,0.994,0.982,3.65825542245024e-17
"LIMA1",2.36643140225323e-21,-0.325894932799998,0.429,0.545,3.82249664405964e-17
"SLC25A3",3.3885640887651e-21,0.288428173633284,0.952,0.934,5.47354757258226e-17
"TUBB4B",4.34953631084545e-21,0.32048571240256,0.81,0.774,7.02580600290865e-17
"IL12B",4.44905112038911e-21,-1.07198514325943,0.347,0.435,7.18655227476452e-17
"RNF19A",5.49016242463662e-21,-0.30403171951817,0.69,0.776,8.86825936451552e-17
"APLP2",6.08138896548432e-21,-0.26597219130718,0.489,0.61,9.82326759594682e-17
"SPAG9",6.90900038969194e-21,0.256384146231534,0.831,0.788,1.11601083294694e-16
"JMJD1C",1.07539314389668e-20,0.28824136433225,0.928,0.886,1.73708254533631e-16
"PLIN2",1.26135281124112e-20,0.343990818606864,0.592,0.491,2.03746319599778e-16
"ANAPC5",1.49410798805757e-20,-0.296952365189118,0.416,0.541,2.41343263310939e-16
"HEXIM1",1.8984916157716e-20,0.25090762941906,0.434,0.316,3.06663350695587e-16
"CALHM6",5.81336514084289e-20,-0.251515472745121,0.183,0.301,9.39032871200352e-16
"DIXDC1",1.42323720882617e-19,-0.270527604041978,0.741,0.805,2.29895506341692e-15
"ATP6V0E1",1.87634350415455e-19,-0.270910498443165,0.855,0.878,3.03085766226085e-15
"LAP3",2.72554470448353e-19,-0.268863154779908,0.653,0.732,4.40257236115225e-15
"CSNK1G3",3.41798405077039e-19,-0.282669243009661,0.69,0.763,5.52106963720942e-15
"TMEM256",5.6103986005267e-19,-0.255046565413643,0.892,0.877,9.06247685943077e-15
"RRBP1",1.10286187801433e-18,0.34714648804499,0.746,0.705,1.78145279155655e-14
"ARPC1B",2.60582757810826e-18,-0.254374345743034,0.477,0.576,4.20919328691827e-14
"ENSBTAG00000037775",3.29781567257448e-17,0.268959625770303,0.476,0.388,5.32696165590956e-13
"METTL7A",5.83211068245507e-17,-0.251886080052938,0.328,0.443,9.42060838536967e-13
"CD1B",5.93894364300098e-17,-0.557437677575542,0.74,0.773,9.59317566653949e-13
"CXCL8",7.09170594729859e-17,0.438542669729188,0.189,0.098,1.14552326166714e-12
"BOD1L1",1.43483661113878e-16,0.296200638836433,0.715,0.673,2.31769157797247e-12
"BATF3",2.18779662433185e-16,-0.283106763608834,0.973,0.953,3.53394788728324e-12
"NIN",6.29883903391029e-16,-0.270843459469812,0.529,0.631,1.01745146914753e-11
"GLRX5",8.19207741465699e-16,-0.289770909142203,0.586,0.657,1.32326626478954e-11
"CD81",5.42122171267027e-15,-0.262503006544341,0.942,0.924,8.75689943247628e-11
"TOB2",6.6267074882695e-15,0.283211106515654,0.67,0.622,1.07041206058017e-10
"MYL12A",6.94024011988136e-15,-0.257066029291492,0.935,0.932,1.12105698656444e-10
"MAN1A1",1.55770572685637e-14,-0.287903455836486,0.794,0.831,2.5161620605911e-10
"JAG1",1.6709852388798e-14,0.285135056867505,0.728,0.654,2.69914245636254e-10
"RAP2B",1.82431225539213e-14,-0.273109173586561,0.882,0.905,2.9468115861349e-10
"GLIPR2",2.06294547065545e-14,-0.251270359258574,0.452,0.54,3.33227581874975e-10
"NKTR",3.05459607061187e-14,0.274790215544416,0.815,0.801,4.93408903285935e-10
"P4HB",4.01855060705323e-14,0.262460811955257,0.85,0.823,6.49116479557308e-10
"S100A11",1.23118694008783e-13,-0.284068854685053,0.938,0.919,1.98873626432388e-09
"RAB7B",2.55856619910869e-13,-0.282898947453917,0.428,0.524,4.13285198142026e-09
"IRF1",3.87533427279764e-13,0.361931384977138,0.858,0.874,6.25982745085002e-09
"ATF3",1.43859100416639e-12,-0.289725053522508,0.9,0.898,2.32375604902997e-08
"DAAM1",2.5723770309463e-12,-0.292911486061938,0.524,0.617,4.15516061808755e-08
"LYN",4.43390652170256e-12,-0.41717138799545,0.746,0.768,7.16208920450614e-08
"CDKN2D",1.58541625704769e-11,0.389895337579394,0.882,0.858,2.56092288000914e-07
"ENO3",3.62454030610002e-11,-0.363101556720383,0.858,0.871,5.85471995644336e-07
"TBCA",4.61375101852616e-11,-0.258236022897058,0.898,0.882,7.4525920202253e-07
"ANXA6",6.94323432863303e-11,-0.294956353075216,0.398,0.474,1.12154064110409e-06
"CCL4",8.44398451172968e-11,0.381902588682649,0.306,0.23,1.3639568181797e-06
"MTSS1",2.266192153177e-10,-0.266754410789508,0.859,0.856,3.66058018502681e-06
"CALML5",1.33607245018293e-09,-0.30857150713919,0.425,0.493,2.15815782878048e-05
"S100A10",4.34385427328577e-09,-0.28416312587317,0.575,0.63,7.0166278076385e-05
"AIF1",1.01637795355713e-08,-0.407504064078576,0.426,0.499,0.000164175530838083
"IL4I1",2.66548573511316e-07,-0.257080222105297,0.577,0.634,0.00430555910792829
"TUBA1C",2.87011356845643e-07,0.297088646342975,0.645,0.598,0.00463609444712767
"IFI30",7.84886280887316e-07,-0.360534270230957,0.4,0.465,0.0126782680951728
"LYZ",5.29347711324489e-06,-0.34558570615143,0.866,0.872,0.0855055358102448
"TSPO",5.90336530848564e-06,-0.251219260638724,0.858,0.855,0.0953570598279686
"FABP5",1.17601135963081e-05,-0.603040261781826,0.577,0.61,0.189961114921164
"ENSBTAG00000013919",9.01997703402803e-05,-0.335431225087903,0.973,0.966,1
"TXN",0.000310883092622106,-0.281281283796046,0.983,0.975,1
"BOLA-DRA",0.00148173352923576,-0.34214180907182,0.918,0.908,1
"CST3",0.00303726696439479,-0.298038632348387,0.937,0.932,1
"CCL22",0.00325946752328671,-0.349850839447967,0.644,0.644,1
"ZC3H10",0.011298500065455,0.271829883044629,0.954,0.92,1
"CKB",0.0869128947997954,-0.366482449585355,0.207,0.223,1
"S100A4",0.095730049876352,0.259155466031815,0.523,0.504,1
"CXCL9",0.331797512862639,-0.27886334538793,0.606,0.612,1
"PPA1",0.718878972619743,-0.281277050616227,0.805,0.749,1
